source_workbook,sheet_name,pmid,production_type_id,resolved_scope,before,after
KAMUS KPI HO PRE-RESTRUCTURE/DIREKTORAT TEKNIK - Ibu Ika Oktania - Pengendalian Proyek (Selesai konfirmasi KPI).xlsx,Pimpinan Proyek,,,neglect,"{""cluster_label"": null, ""portaverse_company_name"": null, ""portaverse_group_name"": null, ""portaverse_position_title"": null, ""position_master_id"": null, ""position_name"": ""Pimpinan Proyek"", ""position_nomenclature_id"": null, ""position_scope"": null}","{""cluster_label"": null, ""portaverse_company_name"": null, ""portaverse_group_name"": null, ""portaverse_position_title"": null, ""position_master_id"": null, ""position_name"": ""Pimpinan Proyek"", ""position_nomenclature_id"": null, ""position_scope"": ""neglect""}"
KAMUS KPI HO PRE-RESTRUCTURE/DIREKTORAT TEKNIK - Ibu Ika Oktania - Pengendalian Proyek (Selesai konfirmasi KPI).xlsx,Deputy Administrasi,,,neglect,"{""cluster_label"": null, ""portaverse_company_name"": null, ""portaverse_group_name"": null, ""portaverse_position_title"": null, ""position_master_id"": null, ""position_name"": ""Deputy Administrasi"", ""position_nomenclature_id"": null, ""position_scope"": null}","{""cluster_label"": null, ""portaverse_company_name"": null, ""portaverse_group_name"": null, ""portaverse_position_title"": null, ""position_master_id"": null, ""position_name"": ""Deputy Administrasi"", ""position_nomenclature_id"": null, ""position_scope"": ""neglect""}"
KAMUS KPI HO PRE-RESTRUCTURE/DIREKTORAT TEKNIK - Ibu Ika Oktania - Pengendalian Proyek (Selesai konfirmasi KPI).xlsx,Deputy Konstruksi,,,neglect,"{""cluster_label"": null, ""portaverse_company_name"": null, ""portaverse_group_name"": null, ""portaverse_position_title"": null, ""position_master_id"": null, ""position_name"": ""Deputy Konstruksi"", ""position_nomenclature_id"": null, ""position_scope"": null}","{""cluster_label"": null, ""portaverse_company_name"": null, ""portaverse_group_name"": null, ""portaverse_position_title"": null, ""position_master_id"": null, ""position_name"": ""Deputy Konstruksi"", ""position_nomenclature_id"": null, ""position_scope"": ""neglect""}"
KAMUS KPI HO PRE-RESTRUCTURE/DIREKTORAT TEKNIK - Ibu Ika Oktania - Pengendalian Proyek (Selesai konfirmasi KPI).xlsx,Deputy Perencanaan Proyek,,,neglect,"{""cluster_label"": null, ""portaverse_company_name"": null, ""portaverse_group_name"": null, ""portaverse_position_title"": null, ""position_master_id"": null, ""position_name"": ""Deputy Perencanaan Proyek"", ""position_nomenclature_id"": null, ""position_scope"": null}","{""cluster_label"": null, ""portaverse_company_name"": null, ""portaverse_group_name"": null, ""portaverse_position_title"": null, ""position_master_id"": null, ""position_name"": ""Deputy Perencanaan Proyek"", ""position_nomenclature_id"": null, ""position_scope"": ""neglect""}"
KAMUS KPI HO PRE-RESTRUCTURE/DIREKTORAT TEKNIK - Ibu Ika Oktania - Pengendalian Proyek (Selesai konfirmasi KPI).xlsx,Officer Administrasi,,,neglect,"{""cluster_label"": null, ""portaverse_company_name"": null, ""portaverse_group_name"": null, ""portaverse_position_title"": null, ""position_master_id"": null, ""position_name"": ""Officer Administrasi"", ""position_nomenclature_id"": null, ""position_scope"": null}","{""cluster_label"": null, ""portaverse_company_name"": null, ""portaverse_group_name"": null, ""portaverse_position_title"": null, ""position_master_id"": null, ""position_name"": ""Officer Administrasi"", ""position_nomenclature_id"": null, ""position_scope"": ""neglect""}"
KAMUS KPI HO PRE-RESTRUCTURE/DIREKTORAT TEKNIK - Ibu Ika Oktania - Pengendalian Proyek (Selesai konfirmasi KPI).xlsx,Manager Administrasi,,,neglect,"{""cluster_label"": null, ""portaverse_company_name"": null, ""portaverse_group_name"": null, ""portaverse_position_title"": null, ""position_master_id"": null, ""position_name"": ""Manager Administrasi"", ""position_nomenclature_id"": null, ""position_scope"": null}","{""cluster_label"": null, ""portaverse_company_name"": null, ""portaverse_group_name"": null, ""portaverse_position_title"": null, ""position_master_id"": null, ""position_name"": ""Manager Administrasi"", ""position_nomenclature_id"": null, ""position_scope"": ""neglect""}"
KAMUS KPI HO PRE-RESTRUCTURE/DIREKTORAT TEKNIK - Ibu Ika Oktania - Pengendalian Proyek (Selesai konfirmasi KPI).xlsx,Officer Konstruksi,,,neglect,"{""cluster_label"": null, ""portaverse_company_name"": null, ""portaverse_group_name"": null, ""portaverse_position_title"": null, ""position_master_id"": null, ""position_name"": ""Officer Konstruksi"", ""position_nomenclature_id"": null, ""position_scope"": null}","{""cluster_label"": null, ""portaverse_company_name"": null, ""portaverse_group_name"": null, ""portaverse_position_title"": null, ""position_master_id"": null, ""position_name"": ""Officer Konstruksi"", ""position_nomenclature_id"": null, ""position_scope"": ""neglect""}"
KAMUS KPI HO PRE-RESTRUCTURE/DIREKTORAT TEKNIK - Ibu Ika Oktania - Pengendalian Proyek (Selesai konfirmasi KPI).xlsx,Manager Konstruksi,,,neglect,"{""cluster_label"": null, ""portaverse_company_name"": null, ""portaverse_group_name"": null, ""portaverse_position_title"": null, ""position_master_id"": null, ""position_name"": ""Manager Konstruksi"", ""position_nomenclature_id"": null, ""position_scope"": null}","{""cluster_label"": null, ""portaverse_company_name"": null, ""portaverse_group_name"": null, ""portaverse_position_title"": null, ""position_master_id"": null, ""position_name"": ""Manager Konstruksi"", ""position_nomenclature_id"": null, ""position_scope"": ""neglect""}"
KAMUS KPI HO PRE-RESTRUCTURE/DIREKTORAT TEKNIK - Ibu Ika Oktania - Pengendalian Proyek (Selesai konfirmasi KPI).xlsx,Manager Perencanaan Proyek,,,neglect,"{""cluster_label"": null, ""portaverse_company_name"": null, ""portaverse_group_name"": null, ""portaverse_position_title"": null, ""position_master_id"": null, ""position_name"": ""Manager Perencanaan Proyek"", ""position_nomenclature_id"": null, ""position_scope"": null}","{""cluster_label"": null, ""portaverse_company_name"": null, ""portaverse_group_name"": null, ""portaverse_position_title"": null, ""position_master_id"": null, ""position_name"": ""Manager Perencanaan Proyek"", ""position_nomenclature_id"": null, ""position_scope"": ""neglect""}"
KAMUS KPI HO PRE-RESTRUCTURE/DIREKTORAT UTAMA - Ibu Vonny Oktaviana Sari - Group MonEv Strategi Perusahaan dan Inovasi (Done Konformasi KPI).xlsx,Dept Head MEKO,35327,5,structural,"{""cluster_label"": ""Dept Head MEKO"", ""portaverse_company_name"": null, ""portaverse_group_name"": null, ""portaverse_position_title"": null, ""position_master_id"": null, ""position_name"": ""Dept Head MEKO"", ""position_nomenclature_id"": ""35327"", ""position_scope"": ""non_structural""}","{""cluster_label"": null, ""portaverse_company_name"": ""PT Pelabuhan Indonesia (Persero)"", ""portaverse_group_name"": ""Group Transformasi Korporasi dan Manajemen Program"", ""portaverse_position_title"": ""Department Head Monitoring dan Evaluasi Klaster Optimalisasi Korporasi"", ""position_master_id"": ""35327"", ""position_name"": ""Department Head Monitoring dan Evaluasi Klaster Optimalisasi Korporasi"", ""position_nomenclature_id"": null, ""position_scope"": ""structural""}"
KAMUS KPI HO PRE-RESTRUCTURE/DIREKTORAT UTAMA - Ibu Vonny Oktaviana Sari - Group MonEv Strategi Perusahaan dan Inovasi (Done Konformasi KPI).xlsx,Dept Head MEKA,35325,5,structural,"{""cluster_label"": ""Dept Head MEKA"", ""portaverse_company_name"": null, ""portaverse_group_name"": null, ""portaverse_position_title"": null, ""position_master_id"": null, ""position_name"": ""Dept Head MEKA"", ""position_nomenclature_id"": ""35325"", ""position_scope"": ""non_structural""}","{""cluster_label"": null, ""portaverse_company_name"": ""PT Pelabuhan Indonesia (Persero)"", ""portaverse_group_name"": ""Department Tanggung Jawab Sosial dan Lingkungan"", ""portaverse_position_title"": ""Department Head Monitoring dan Evaluasi Klaster Ekspansi Korporasi"", ""position_master_id"": ""35325"", ""position_name"": ""Department Head Monitoring dan Evaluasi Klaster Ekspansi Korporasi"", ""position_nomenclature_id"": null, ""position_scope"": ""structural""}"
KAMUS KPI HO PRE-RESTRUCTURE/DIREKTORAT OPERASI - Bpk Dicky Santosa - Group Teknologi Informasi (done Konfirmasi KPI).xlsx,Pimpro Satker Single ERP,,,neglect,"{""cluster_label"": null, ""portaverse_company_name"": null, ""portaverse_group_name"": null, ""portaverse_position_title"": null, ""position_master_id"": null, ""position_name"": ""Pimpro Satker Single ERP"", ""position_nomenclature_id"": null, ""position_scope"": null}","{""cluster_label"": null, ""portaverse_company_name"": null, ""portaverse_group_name"": null, ""portaverse_position_title"": null, ""position_master_id"": null, ""position_name"": ""Pimpro Satker Single ERP"", ""position_nomenclature_id"": null, ""position_scope"": ""neglect""}"
KAMUS KPI HO PRE-RESTRUCTURE/DIREKTORAT PENGEMBANGAN USAHA - Pak Antono IM Muhammad - Group Pengembangan SSC (Done Konfirmasi KPI).xlsx,DH Layanan Keuangan Timur,33844,5,structural,"{""cluster_label"": ""DH Layanan Keuangan Timur"", ""portaverse_company_name"": null, ""portaverse_group_name"": null, ""portaverse_position_title"": null, ""position_master_id"": null, ""position_name"": ""DH Layanan Keuangan Timur"", ""position_nomenclature_id"": ""33844"", ""position_scope"": ""non_structural""}","{""cluster_label"": null, ""portaverse_company_name"": ""PT Pelabuhan Indonesia (Persero)"", ""portaverse_group_name"": ""Department Layanan Keuangan Wilayah Timur"", ""portaverse_position_title"": ""Department Head Layanan Keuangan Wilayah Timur"", ""position_master_id"": ""33844"", ""position_name"": ""Department Head Layanan Keuangan Wilayah Timur"", ""position_nomenclature_id"": null, ""position_scope"": ""structural""}"
KAMUS KPI HO PRE-RESTRUCTURE/DIREKTORAT PENGEMBANGAN USAHA - Pak Antono IM Muhammad - Group Pengembangan SSC (Done Konfirmasi KPI).xlsx,Manager Layanan Keuangan Timur1,33845,5,structural,"{""cluster_label"": ""Manager Layanan Keuangan Timur1"", ""portaverse_company_name"": null, ""portaverse_group_name"": null, ""portaverse_position_title"": null, ""position_master_id"": null, ""position_name"": ""Manager Layanan Keuangan Timur1"", ""position_nomenclature_id"": ""33845"", ""position_scope"": ""non_structural""}","{""cluster_label"": null, ""portaverse_company_name"": ""PT Pelabuhan Indonesia (Persero)"", ""portaverse_group_name"": ""Unit Pendukung Layanan Keuangan Wilayah Timur 1"", ""portaverse_position_title"": ""Manager Layanan Keuangan Wilayah Timur 1"", ""position_master_id"": ""33845"", ""position_name"": ""Manager Layanan Keuangan Wilayah Timur 1"", ""position_nomenclature_id"": null, ""position_scope"": ""structural""}"
KAMUS KPI HO PRE-RESTRUCTURE/DIREKTORAT PENGEMBANGAN USAHA - Pak Antono IM Muhammad - Group Pengembangan SSC (Done Konfirmasi KPI).xlsx,Manager Layanan Keuangan Timur2,33854,5,structural,"{""cluster_label"": ""Manager Layanan Keuangan Timur2"", ""portaverse_company_name"": null, ""portaverse_group_name"": null, ""portaverse_position_title"": null, ""position_master_id"": null, ""position_name"": ""Manager Layanan Keuangan Timur2"", ""position_nomenclature_id"": ""33854"", ""position_scope"": ""non_structural""}","{""cluster_label"": null, ""portaverse_company_name"": ""PT Pelabuhan Indonesia (Persero)"", ""portaverse_group_name"": ""Unit Pendukung Layanan Keuangan Wilayah Timur 2"", ""portaverse_position_title"": ""Manager Layanan Keuangan Wilayah Timur 2"", ""position_master_id"": ""33854"", ""position_name"": ""Manager Layanan Keuangan Wilayah Timur 2"", ""position_nomenclature_id"": null, ""position_scope"": ""structural""}"
KAMUS KPI HO PRE-RESTRUCTURE/DIREKTORAT PENGEMBANGAN USAHA - Pak Antono IM Muhammad - Group Pengembangan SSC (Done Konfirmasi KPI).xlsx,Manager Layanan Keuangan Barat1,33864,5,structural,"{""cluster_label"": ""Manager Layanan Keuangan Barat1"", ""portaverse_company_name"": null, ""portaverse_group_name"": null, ""portaverse_position_title"": null, ""position_master_id"": null, ""position_name"": ""Manager Layanan Keuangan Barat1"", ""position_nomenclature_id"": ""33864"", ""position_scope"": ""non_structural""}","{""cluster_label"": null, ""portaverse_company_name"": ""PT Pelabuhan Indonesia (Persero)"", ""portaverse_group_name"": ""Unit Pendukung Layanan Keuangan Wilayah Barat 1"", ""portaverse_position_title"": ""Manager Layanan Keuangan Wilayah Barat 1"", ""position_master_id"": ""33864"", ""position_name"": ""Manager Layanan Keuangan Wilayah Barat 1"", ""position_nomenclature_id"": null, ""position_scope"": ""structural""}"
KAMUS KPI HO PRE-RESTRUCTURE/DIREKTORAT PENGEMBANGAN USAHA - Pak Antono IM Muhammad - Group Pengembangan SSC (Done Konfirmasi KPI).xlsx,Manager Layanan Keuangan Barat2,33873,5,structural,"{""cluster_label"": ""Manager Layanan Keuangan Barat2"", ""portaverse_company_name"": null, ""portaverse_group_name"": null, ""portaverse_position_title"": null, ""position_master_id"": null, ""position_name"": ""Manager Layanan Keuangan Barat2"", ""position_nomenclature_id"": ""33873"", ""position_scope"": ""non_structural""}","{""cluster_label"": null, ""portaverse_company_name"": ""PT Pelabuhan Indonesia (Persero)"", ""portaverse_group_name"": ""Unit Pendukung Layanan Keuangan Wilayah Barat 2"", ""portaverse_position_title"": ""Manager Layanan Keuangan Wilayah Barat 2"", ""position_master_id"": ""33873"", ""position_name"": ""Manager Layanan Keuangan Wilayah Barat 2"", ""position_nomenclature_id"": null, ""position_scope"": ""structural""}"
KAMUS KPI HO PRE-RESTRUCTURE/DIREKTORAT PENGEMBANGAN USAHA - Pak Antono IM Muhammad - Group Pengembangan SSC (Done Konfirmasi KPI).xlsx,DH Layanan Keuangan Barat,33863,5,structural,"{""cluster_label"": ""DH Layanan Keuangan Barat"", ""portaverse_company_name"": null, ""portaverse_group_name"": null, ""portaverse_position_title"": null, ""position_master_id"": null, ""position_name"": ""DH Layanan Keuangan Barat"", ""position_nomenclature_id"": ""33863"", ""position_scope"": ""non_structural""}","{""cluster_label"": null, ""portaverse_company_name"": ""PT Pelabuhan Indonesia (Persero)"", ""portaverse_group_name"": ""Department Layanan Keuangan Wilayah Barat"", ""portaverse_position_title"": ""Department Head Layanan Keuangan Wilayah Barat"", ""position_master_id"": ""33863"", ""position_name"": ""Department Head Layanan Keuangan Wilayah Barat"", ""position_nomenclature_id"": null, ""position_scope"": ""structural""}"
KAMUS KPI HO PRE-RESTRUCTURE/DIREKTORAT PENGEMBANGAN USAHA - Pak Antono IM Muhammad - Group Pengembangan SSC (Done Konfirmasi KPI).xlsx,Officer Employee Service 1,,,neglect,"{""cluster_label"": null, ""portaverse_company_name"": null, ""portaverse_group_name"": null, ""portaverse_position_title"": null, ""position_master_id"": null, ""position_name"": ""Officer Employee Service 1"", ""position_nomenclature_id"": null, ""position_scope"": null}","{""cluster_label"": null, ""portaverse_company_name"": null, ""portaverse_group_name"": null, ""portaverse_position_title"": null, ""position_master_id"": null, ""position_name"": ""Officer Employee Service 1"", ""position_nomenclature_id"": null, ""position_scope"": ""neglect""}"
KAMUS KPI HO PRE-RESTRUCTURE/DIREKTORAT PENGEMBANGAN USAHA - Pak Antono IM Muhammad - Group Pengembangan SSC (Done Konfirmasi KPI).xlsx,Officer Employee Service 2,,,neglect,"{""cluster_label"": null, ""portaverse_company_name"": null, ""portaverse_group_name"": null, ""portaverse_position_title"": null, ""position_master_id"": null, ""position_name"": ""Officer Employee Service 2"", ""position_nomenclature_id"": null, ""position_scope"": null}","{""cluster_label"": null, ""portaverse_company_name"": null, ""portaverse_group_name"": null, ""portaverse_position_title"": null, ""position_master_id"": null, ""position_name"": ""Officer Employee Service 2"", ""position_nomenclature_id"": null, ""position_scope"": ""neglect""}"
KAMUS KPI HO PRE-RESTRUCTURE/DIREKTORAT PENGEMBANGAN USAHA - Pak Antono IM Muhammad - Group Pengembangan SSC (Done Konfirmasi KPI).xlsx,Officer Employee Service 3,,,neglect,"{""cluster_label"": null, ""portaverse_company_name"": null, ""portaverse_group_name"": null, ""portaverse_position_title"": null, ""position_master_id"": null, ""position_name"": ""Officer Employee Service 3"", ""position_nomenclature_id"": null, ""position_scope"": null}","{""cluster_label"": null, ""portaverse_company_name"": null, ""portaverse_group_name"": null, ""portaverse_position_title"": null, ""position_master_id"": null, ""position_name"": ""Officer Employee Service 3"", ""position_nomenclature_id"": null, ""position_scope"": ""neglect""}"
KAMUS KPI HO PRE-RESTRUCTURE/DIREKTORAT PENGEMBANGAN USAHA - Pak Antono IM Muhammad - Group Pengembangan SSC (Done Konfirmasi KPI).xlsx,DH Administrasi Perpajakan,33843,5,structural,"{""cluster_label"": ""DH Administrasi Perpajakan"", ""portaverse_company_name"": null, ""portaverse_group_name"": null, ""portaverse_position_title"": null, ""position_master_id"": null, ""position_name"": ""DH Administrasi Perpajakan"", ""position_nomenclature_id"": ""33843"", ""position_scope"": ""non_structural""}","{""cluster_label"": null, ""portaverse_company_name"": ""PT Pelabuhan Indonesia (Persero)"", ""portaverse_group_name"": ""Department Administrasi Perpajakan"", ""portaverse_position_title"": ""Department Head Administrasi Perpajakan"", ""position_master_id"": ""33843"", ""position_name"": ""Department Head Administrasi Perpajakan"", ""position_nomenclature_id"": null, ""position_scope"": ""structural""}"
